Date,PM2.5,PM10,SO2,NO2,CO,O3,Month,Year
2023-01-01,102,176,183,141,6,71,1,2023
2023-01-02,435,281,163,56,25,295,1,2023
2023-01-03,348,62,44,57,39,235,1,2023
2023-01-04,270,216,150,20,4,55,1,2023
2023-01-05,106,460,46,81,20,109,1,2023
2023-01-06,71,104,30,68,13,191,1,2023
2023-01-07,188,98,138,130,3,92,1,2023
2023-01-08,20,510,9,86,22,55,1,2023
2023-01-09,102,384,194,48,41,59,1,2023
2023-01-10,121,404,117,146,19,137,1,2023
2023-01-11,466,517,13,114,14,38,1,2023
2023-01-12,214,475,79,88,49,27,1,2023
2023-01-13,330,436,92,84,44,48,1,2023
2023-01-14,458,22,9,127,28,124,1,2023
2023-01-15,87,564,75,139,7,12,1,2023
2023-01-16,372,457,93,116,40,35,1,2023
2023-01-17,99,82,104,126,47,100,1,2023
2023-01-18,359,144,0,70,18,281,1,2023
2023-01-19,151,84,132,85,47,85,1,2023
2023-01-20,130,77,19,32,38,3,1,2023
2023-01-21,149,456,7,80,45,222,1,2023
2023-01-22,308,0,170,60,27,165,1,2023
2023-01-23,257,50,0,60,45,277,1,2023
2023-01-24,343,445,56,97,26,129,1,2023
2023-01-25,491,448,63,27,3,30,1,2023
2023-01-26,413,487,117,42,14,10,1,2023
2023-01-27,293,33,27,85,34,95,1,2023
2023-01-28,385,347,120,16,36,189,1,2023
2023-01-29,191,94,106,97,0,191,1,2023
2023-01-30,443,71,164,97,2,265,1,2023
2023-01-31,276,550,174,64,46,127,1,2023
2023-02-01,160,153,164,73,23,237,2,2023
2023-02-02,459,249,48,84,26,111,2,2023
2023-02-03,313,437,119,4,39,144,2,2023
2023-02-04,21,117,43,1,35,64,2,2023
2023-02-05,252,305,55,21,33,246,2,2023
2023-02-06,235,267,155,111,28,222,2,2023
2023-02-07,344,53,110,56,23,105,2,2023
2023-02-08,48,235,133,65,23,180,2,2023
2023-02-09,474,388,107,73,41,183,2,2023
2023-02-10,58,400,188,97,3,225,2,2023
2023-02-11,169,302,147,143,2,264,2,2023
2023-02-12,475,206,113,111,33,277,2,2023
2023-02-13,187,228,77,124,48,88,2,2023
2023-02-14,463,577,129,85,22,175,2,2023
2023-02-15,270,74,36,75,22,17,2,2023
2023-02-16,189,434,19,87,44,105,2,2023
2023-02-17,445,102,25,37,4,270,2,2023
2023-02-18,174,421,28,58,30,166,2,2023
2023-02-19,445,305,0,137,40,12,2,2023
2023-02-20,50,97,118,98,5,31,2,2023
2023-02-21,363,334,34,62,36,39,2,2023
2023-02-22,54,434,197,48,9,147,2,2023
2023-02-23,243,446,58,31,39,217,2,2023
2023-02-24,319,307,68,134,6,218,2,2023
2023-02-25,130,248,160,20,38,81,2,2023
2023-02-26,484,165,178,19,37,207,2,2023
2023-02-27,306,480,11,126,20,200,2,2023
2023-02-28,134,334,19,67,19,37,2,2023
2023-03-01,20,541,180,109,2,210,3,2023
2023-03-02,328,105,42,115,21,248,3,2023
2023-03-03,166,562,125,142,46,226,3,2023
2023-03-04,273,80,49,119,3,47,3,2023
2023-03-05,387,132,28,78,27,17,3,2023
2023-03-06,88,137,184,115,11,294,3,2023
2023-03-07,315,183,38,91,37,195,3,2023
2023-03-08,13,400,183,13,35,186,3,2023
2023-03-09,241,329,170,124,46,223,3,2023
2023-03-10,264,507,177,57,40,228,3,2023
2023-03-11,345,68,150,27,4,76,3,2023
2023-03-12,52,545,171,25,12,187,3,2023
2023-03-13,385,52,37,112,22,269,3,2023
2023-03-14,339,449,83,65,49,94,3,2023
2023-03-15,91,204,150,130,29,131,3,2023
2023-03-16,366,125,127,43,36,38,3,2023
2023-03-17,443,42,125,96,24,71,3,2023
2023-03-18,454,110,44,41,47,280,3,2023
2023-03-19,427,182,51,5,26,159,3,2023
2023-03-20,263,94,79,22,13,186,3,2023
2023-03-21,430,373,177,88,47,190,3,2023
2023-03-22,34,519,123,122,46,119,3,2023
2023-03-23,205,359,118,146,35,219,3,2023
2023-03-24,80,280,7,50,38,52,3,2023
2023-03-25,419,194,84,10,15,221,3,2023
2023-03-26,49,194,128,11,21,130,3,2023
2023-03-27,359,92,7,73,20,236,3,2023
2023-03-28,387,60,156,7,20,245,3,2023
2023-03-29,1,50,95,40,7,225,3,2023
2023-03-30,389,402,101,84,48,207,3,2023
2023-03-31,53,4,4,71,15,95,3,2023
2023-04-01,105,465,85,54,30,199,4,2023
2023-04-02,259,533,174,136,41,246,4,2023
2023-04-03,309,404,33,46,9,71,4,2023
2023-04-04,476,512,192,142,31,184,4,2023
2023-04-05,190,232,54,103,33,5,4,2023
2023-04-06,401,523,118,41,8,205,4,2023
2023-04-07,217,345,170,59,16,31,4,2023
2023-04-08,43,45,157,11,10,98,4,2023
2023-04-09,161,545,113,129,31,255,4,2023
2023-04-10,201,77,144,6,9,186,4,2023
2023-04-11,445,72,25,79,21,75,4,2023
2023-04-12,483,248,135,130,16,176,4,2023
2023-04-13,269,46,46,108,3,286,4,2023
2023-04-14,350,120,112,2,47,254,4,2023
2023-04-15,303,213,75,26,46,189,4,2023
2023-04-16,270,238,71,113,24,126,4,2023
2023-04-17,455,55,88,106,20,286,4,2023
2023-04-18,461,349,45,39,36,253,4,2023
2023-04-19,214,106,195,128,37,212,4,2023
2023-04-20,251,47,32,7,48,249,4,2023
2023-04-21,189,572,0,100,0,83,4,2023
2023-04-22,295,336,146,123,24,12,4,2023
2023-04-23,212,25,30,106,35,44,4,2023
2023-04-24,207,256,141,100,16,126,4,2023
2023-04-25,236,7,52,3,40,113,4,2023
2023-04-26,337,252,47,109,23,275,4,2023
2023-04-27,366,302,68,18,1,204,4,2023
2023-04-28,52,55,104,31,39,272,4,2023
2023-04-29,279,525,89,136,14,57,4,2023
2023-04-30,409,473,189,11,31,218,4,2023
2023-05-01,216,27,193,138,38,108,5,2023
2023-05-02,251,77,191,45,5,278,5,2023
2023-05-03,187,215,197,118,0,173,5,2023
2023-05-04,379,385,62,15,46,263,5,2023
2023-05-05,492,364,72,128,22,110,5,2023
2023-05-06,40,525,160,62,38,186,5,2023
2023-05-07,156,311,168,108,16,268,5,2023
2023-05-08,14,6,88,118,33,228,5,2023
2023-05-09,300,2,175,20,40,155,5,2023
2023-05-10,64,362,12,12,28,188,5,2023
2023-05-11,344,507,72,3,8,271,5,2023
2023-05-12,326,273,76,101,12,1,5,2023
2023-05-13,8,505,158,58,5,245,5,2023
2023-05-14,343,14,67,127,5,209,5,2023
2023-05-15,128,191,97,26,19,285,5,2023
2023-05-16,491,484,124,68,2,12,5,2023
2023-05-17,135,27,101,24,16,95,5,2023
2023-05-18,471,38,131,130,48,220,5,2023
2023-05-19,62,272,101,96,11,237,5,2023
2023-05-20,138,230,18,24,47,93,5,2023
2023-05-21,498,85,197,147,46,268,5,2023
2023-05-22,80,473,81,125,44,170,5,2023
2023-05-23,391,125,140,132,0,93,5,2023
2023-05-24,162,536,22,8,16,148,5,2023
2023-05-25,418,144,82,115,2,111,5,2023
2023-05-26,288,524,108,133,25,54,5,2023
2023-05-27,378,211,74,59,14,115,5,2023
2023-05-28,260,24,128,120,35,142,5,2023
2023-05-29,489,579,87,138,31,200,5,2023
2023-05-30,230,393,53,107,31,179,5,2023
2023-05-31,40,66,198,107,3,201,5,2023
2023-06-01,27,232,88,130,17,52,6,2023
2023-06-02,134,108,142,75,48,179,6,2023
2023-06-03,200,145,64,29,18,136,6,2023
2023-06-04,327,110,75,20,42,181,6,2023
2023-06-05,267,227,198,33,34,0,6,2023
2023-06-06,417,110,142,40,39,43,6,2023
2023-06-07,32,469,148,50,13,226,6,2023
2023-06-08,47,33,146,81,32,97,6,2023
2023-06-09,406,368,59,57,13,207,6,2023
2023-06-10,61,594,92,74,33,264,6,2023
2023-06-11,215,553,160,22,3,287,6,2023
2023-06-12,292,424,48,127,23,270,6,2023
2023-06-13,98,517,34,149,28,139,6,2023
2023-06-14,171,281,171,16,18,236,6,2023
2023-06-15,359,319,101,68,5,71,6,2023
2023-06-16,213,442,10,107,32,154,6,2023
2023-06-17,474,314,98,138,48,189,6,2023
2023-06-18,34,376,199,93,39,267,6,2023
2023-06-19,448,288,109,14,18,106,6,2023
2023-06-20,226,436,73,90,0,231,6,2023
2023-06-21,100,276,193,32,4,41,6,2023
2023-06-22,430,581,173,124,26,189,6,2023
2023-06-23,461,502,8,15,15,138,6,2023
2023-06-24,130,515,2,65,5,102,6,2023
2023-06-25,256,349,84,46,39,170,6,2023
2023-06-26,4,445,25,147,12,272,6,2023
2023-06-27,217,349,71,123,47,220,6,2023
2023-06-28,254,136,47,0,34,212,6,2023
2023-06-29,397,242,193,86,18,55,6,2023
2023-06-30,358,542,197,127,11,101,6,2023
2023-07-01,282,39,155,66,15,191,7,2023
2023-07-02,392,228,116,3,42,199,7,2023
2023-07-03,206,547,153,46,9,232,7,2023
2023-07-04,14,222,152,37,24,226,7,2023
2023-07-05,345,5,11,142,19,138,7,2023
2023-07-06,41,321,132,20,30,148,7,2023
2023-07-07,379,467,47,56,3,114,7,2023
2023-07-08,460,74,36,116,43,62,7,2023
2023-07-09,178,3,43,45,22,103,7,2023
2023-07-10,62,117,14,141,1,155,7,2023
2023-07-11,351,503,42,144,21,272,7,2023
2023-07-12,230,573,175,38,36,5,7,2023
2023-07-13,240,440,86,136,7,146,7,2023
2023-07-14,51,193,69,98,6,183,7,2023
2023-07-15,95,391,45,76,13,27,7,2023
2023-07-16,387,25,107,114,2,37,7,2023
2023-07-17,221,434,122,133,49,118,7,2023
2023-07-18,484,172,170,90,15,292,7,2023
2023-07-19,406,299,20,97,18,243,7,2023
2023-07-20,230,325,150,119,17,67,7,2023
2023-07-21,236,409,106,45,15,213,7,2023
2023-07-22,142,117,79,37,7,217,7,2023
2023-07-23,170,224,46,141,32,176,7,2023
2023-07-24,28,531,116,99,48,298,7,2023
2023-07-25,35,112,123,71,11,163,7,2023
2023-07-26,12,139,142,34,10,57,7,2023
2023-07-27,159,558,24,146,4,268,7,2023
2023-07-28,326,0,35,29,26,57,7,2023
2023-07-29,186,89,50,77,11,287,7,2023
2023-07-30,242,319,14,83,16,104,7,2023
2023-07-31,85,549,67,112,5,227,7,2023
2023-08-01,283,138,20,24,32,246,8,2023
2023-08-02,65,510,140,87,4,187,8,2023
2023-08-03,169,258,18,13,27,82,8,2023
2023-08-04,44,9,33,101,13,185,8,2023
2023-08-05,61,260,77,149,4,251,8,2023
2023-08-06,440,171,124,82,32,237,8,2023
2023-08-07,133,12,195,109,49,183,8,2023
2023-08-08,283,167,116,130,47,283,8,2023
2023-08-09,27,595,51,18,40,209,8,2023
2023-08-10,107,320,26,27,18,295,8,2023
2023-08-11,43,318,156,70,21,96,8,2023
2023-08-12,339,328,155,62,4,207,8,2023
2023-08-13,285,549,34,72,1,136,8,2023
2023-08-14,445,418,135,123,29,183,8,2023
2023-08-15,330,94,143,118,46,75,8,2023
2023-08-16,127,580,105,120,38,286,8,2023
2023-08-17,347,317,163,18,3,141,8,2023
2023-08-18,472,235,157,141,32,236,8,2023
2023-08-19,230,333,145,119,12,24,8,2023
2023-08-20,189,375,1,60,19,289,8,2023
2023-08-21,224,458,176,29,6,66,8,2023
2023-08-22,384,136,76,8,14,249,8,2023
2023-08-23,376,587,131,63,22,117,8,2023
2023-08-24,282,546,89,119,13,72,8,2023
2023-08-25,445,512,88,51,22,281,8,2023
2023-08-26,120,295,93,88,18,9,8,2023
2023-08-27,115,319,6,141,28,210,8,2023
2023-08-28,460,571,94,52,19,151,8,2023
2023-08-29,232,348,107,77,28,4,8,2023
2023-08-30,258,228,73,40,23,194,8,2023
2023-08-31,358,269,38,67,17,282,8,2023
2023-09-01,197,290,140,7,9,112,9,2023
2023-09-02,455,164,158,1,40,270,9,2023
2023-09-03,410,4,70,104,7,162,9,2023
2023-09-04,136,378,190,124,25,104,9,2023
2023-09-05,317,77,55,109,28,180,9,2023
2023-09-06,164,409,169,85,9,43,9,2023
2023-09-07,224,573,188,119,16,281,9,2023
2023-09-08,306,131,41,126,1,174,9,2023
2023-09-09,233,41,183,15,5,161,9,2023
2023-09-10,171,88,35,61,4,139,9,2023
2023-09-11,151,401,83,112,27,131,9,2023
2023-09-12,462,295,195,11,40,86,9,2023
2023-09-13,314,294,117,34,4,175,9,2023
2023-09-14,373,525,6,10,17,182,9,2023
2023-09-15,159,421,53,63,25,128,9,2023
2023-09-16,95,22,128,49,19,245,9,2023
2023-09-17,471,574,171,148,40,88,9,2023
2023-09-18,232,142,119,68,48,65,9,2023
2023-09-19,179,144,172,47,26,157,9,2023
2023-09-20,112,224,105,19,48,148,9,2023
2023-09-21,317,502,46,100,11,115,9,2023
2023-09-22,496,103,122,136,6,213,9,2023
2023-09-23,441,38,140,67,2,293,9,2023
2023-09-24,51,197,118,34,9,252,9,2023
2023-09-25,267,578,149,64,33,142,9,2023
2023-09-26,294,390,117,7,24,249,9,2023
2023-09-27,385,178,20,44,34,24,9,2023
2023-09-28,386,553,136,86,15,276,9,2023
2023-09-29,112,447,25,75,1,69,9,2023
2023-09-30,100,499,8,75,23,112,9,2023
2023-10-01,112,14,14,46,9,111,10,2023
2023-10-02,439,288,9,14,37,90,10,2023
2023-10-03,80,477,121,104,21,17,10,2023
2023-10-04,186,230,120,146,25,148,10,2023
2023-10-05,112,419,124,25,42,226,10,2023
2023-10-06,1,156,169,51,38,213,10,2023
2023-10-07,129,549,71,92,26,150,10,2023
2023-10-08,219,440,151,149,28,191,10,2023
2023-10-09,53,96,48,20,46,39,10,2023
2023-10-10,342,410,153,50,37,241,10,2023
2023-10-11,484,288,90,37,19,137,10,2023
2023-10-12,223,253,36,19,26,179,10,2023
2023-10-13,224,195,67,131,40,199,10,2023
2023-10-14,384,597,49,54,19,202,10,2023
2023-10-15,402,521,151,91,43,60,10,2023
2023-10-16,125,516,18,27,18,191,10,2023
2023-10-17,129,117,99,3,19,4,10,2023
2023-10-18,52,158,59,149,34,236,10,2023
2023-10-19,171,227,166,75,46,180,10,2023
2023-10-20,217,215,88,66,1,36,10,2023
2023-10-21,159,14,145,85,29,55,10,2023
2023-10-22,197,156,146,90,33,236,10,2023
2023-10-23,415,260,163,104,21,196,10,2023
2023-10-24,246,156,182,0,2,72,10,2023
2023-10-25,323,46,68,71,5,58,10,2023
2023-10-26,438,323,174,86,14,239,10,2023
2023-10-27,202,129,48,5,26,1,10,2023
2023-10-28,183,410,107,144,9,187,10,2023
2023-10-29,122,94,160,60,8,29,10,2023
2023-10-30,400,291,118,11,32,266,10,2023
2023-10-31,254,282,148,5,31,107,10,2023
2023-11-01,293,68,149,26,47,89,11,2023
2023-11-02,279,10,175,135,5,204,11,2023
2023-11-03,324,253,36,123,40,219,11,2023
2023-11-04,371,549,142,105,35,93,11,2023
2023-11-05,97,133,162,92,1,102,11,2023
2023-11-06,197,22,198,108,28,222,11,2023
2023-11-07,469,345,159,98,3,185,11,2023
2023-11-08,394,301,10,141,0,183,11,2023
2023-11-09,239,362,137,34,18,161,11,2023
2023-11-10,143,395,77,83,25,246,11,2023
2023-11-11,96,217,76,55,24,30,11,2023
2023-11-12,200,140,184,140,9,51,11,2023
2023-11-13,123,209,152,48,14,75,11,2023
2023-11-14,186,459,1,45,21,277,11,2023
2023-11-15,325,355,63,112,47,39,11,2023
2023-11-16,463,323,34,135,20,100,11,2023
2023-11-17,348,132,6,42,21,110,11,2023
2023-11-18,258,126,84,147,35,248,11,2023
2023-11-19,147,105,145,123,33,190,11,2023
2023-11-20,251,377,66,96,29,181,11,2023
2023-11-21,442,50,41,89,24,208,11,2023
2023-11-22,419,28,117,38,44,21,11,2023
2023-11-23,402,461,124,84,27,165,11,2023
2023-11-24,345,295,166,61,0,98,11,2023
2023-11-25,450,296,168,105,48,207,11,2023
2023-11-26,146,406,23,106,44,7,11,2023
2023-11-27,147,404,187,53,3,189,11,2023
2023-11-28,351,345,45,125,6,174,11,2023
2023-11-29,198,419,18,8,48,272,11,2023
2023-11-30,307,181,67,87,8,16,11,2023
2023-12-01,488,0,101,36,35,89,12,2023
2023-12-02,416,566,41,48,18,140,12,2023
2023-12-03,423,370,31,40,0,144,12,2023
2023-12-04,127,430,166,16,9,165,12,2023
2023-12-05,38,308,108,87,35,77,12,2023
2023-12-06,337,136,35,20,8,261,12,2023
2023-12-07,359,201,96,50,44,162,12,2023
2023-12-08,128,435,163,58,45,13,12,2023
2023-12-09,266,312,130,40,41,238,12,2023
2023-12-10,475,116,72,38,31,71,12,2023
2023-12-11,440,574,135,140,31,142,12,2023
2023-12-12,472,243,96,10,5,282,12,2023
2023-12-13,433,536,122,146,47,268,12,2023
2023-12-14,150,74,69,138,37,240,12,2023
2023-12-15,414,385,168,76,16,244,12,2023
2023-12-16,477,209,195,126,9,162,12,2023
2023-12-17,297,474,12,45,49,59,12,2023
2023-12-18,98,417,48,44,26,5,12,2023
2023-12-19,262,346,59,0,49,196,12,2023
2023-12-20,251,528,129,107,34,57,12,2023
2023-12-21,143,178,187,18,20,216,12,2023
2023-12-22,345,181,4,75,24,25,12,2023
2023-12-23,111,24,171,71,27,4,12,2023
2023-12-24,499,179,26,108,46,19,12,2023
2023-12-25,59,500,159,11,14,197,12,2023
2023-12-26,368,160,148,44,3,58,12,2023
2023-12-27,1,176,7,89,28,241,12,2023
2023-12-28,384,284,199,102,8,145,12,2023
2023-12-29,303,62,49,7,26,272,12,2023
2023-12-30,253,155,66,90,25,248,12,2023
2023-12-31,139,468,43,86,18,13,12,2023
2024-01-01,452,48,124,83,27,12,1,2024
2024-01-02,36,83,57,81,16,43,1,2024
2024-01-03,159,360,2,145,42,18,1,2024
2024-01-04,8,147,85,67,40,62,1,2024
2024-01-05,232,341,69,126,41,238,1,2024
2024-01-06,98,475,129,81,49,99,1,2024
2024-01-07,146,62,171,146,19,162,1,2024
2024-01-08,303,359,1,83,44,121,1,2024
2024-01-09,207,560,101,112,39,43,1,2024
2024-01-10,130,326,34,75,38,144,1,2024
2024-01-11,403,140,97,121,48,49,1,2024
2024-01-12,151,214,29,142,22,64,1,2024
2024-01-13,53,434,115,40,46,287,1,2024
2024-01-14,119,317,7,1,31,163,1,2024
2024-01-15,160,31,149,28,46,140,1,2024
2024-01-16,407,284,43,104,32,127,1,2024
2024-01-17,115,304,185,50,45,238,1,2024
2024-01-18,74,428,35,74,4,295,1,2024
2024-01-19,112,476,196,9,42,186,1,2024
2024-01-20,455,285,76,141,47,207,1,2024
2024-01-21,419,143,30,50,33,219,1,2024
2024-01-22,421,423,46,117,39,189,1,2024
2024-01-23,103,18,54,120,10,283,1,2024
2024-01-24,339,17,105,38,49,236,1,2024
2024-01-25,253,589,189,27,2,193,1,2024
2024-01-26,226,370,157,2,32,286,1,2024
2024-01-27,111,174,120,83,10,258,1,2024
2024-01-28,472,193,54,116,15,245,1,2024
2024-01-29,98,501,143,1,17,135,1,2024
2024-01-30,152,112,11,92,29,279,1,2024
2024-01-31,348,113,144,130,47,270,1,2024
2024-02-01,401,221,143,143,9,170,2,2024
2024-02-02,383,263,139,93,17,158,2,2024
2024-02-03,365,54,135,39,37,200,2,2024
2024-02-04,337,457,2,1,18,44,2,2024
2024-02-05,193,161,143,80,35,263,2,2024
2024-02-06,309,379,29,11,12,70,2,2024
2024-02-07,162,86,22,64,45,102,2,2024
2024-02-08,207,54,91,54,2,124,2,2024
2024-02-09,444,475,114,44,9,285,2,2024
2024-02-10,168,177,103,100,37,229,2,2024
2024-02-11,483,390,117,61,0,145,2,2024
2024-02-12,160,348,4,48,26,196,2,2024
2024-02-13,67,7,103,126,45,220,2,2024
2024-02-14,288,312,107,22,7,59,2,2024
2024-02-15,397,442,64,37,45,97,2,2024
2024-02-16,276,327,120,27,41,170,2,2024
2024-02-17,303,53,29,20,16,172,2,2024
2024-02-18,403,238,148,106,8,150,2,2024
2024-02-19,383,228,83,145,5,121,2,2024
2024-02-20,391,578,197,98,42,107,2,2024
2024-02-21,134,50,149,118,24,3,2,2024
2024-02-22,194,263,199,72,38,92,2,2024
2024-02-23,400,417,31,121,48,5,2,2024
2024-02-24,127,95,160,29,27,287,2,2024
2024-02-25,32,87,15,107,32,105,2,2024
2024-02-26,175,77,37,97,36,145,2,2024
2024-02-27,459,287,141,31,8,270,2,2024
2024-02-28,442,119,35,78,17,95,2,2024
2024-02-29,370,490,150,40,20,228,2,2024
2024-03-01,469,451,113,62,1,201,3,2024
2024-03-02,374,499,65,22,42,211,3,2024
2024-03-03,21,164,104,103,37,5,3,2024
2024-03-04,237,181,84,74,39,111,3,2024
2024-03-05,157,468,1,47,35,105,3,2024
2024-03-06,37,6,192,56,49,138,3,2024
2024-03-07,229,329,74,117,42,298,3,2024
2024-03-08,364,150,66,99,36,95,3,2024
2024-03-09,50,84,179,123,14,296,3,2024
2024-03-10,437,146,189,33,27,213,3,2024
2024-03-11,263,380,150,6,17,290,3,2024
2024-03-12,282,547,153,55,33,21,3,2024
2024-03-13,26,284,195,64,21,192,3,2024
2024-03-14,225,81,54,46,10,149,3,2024
2024-03-15,276,513,5,147,12,246,3,2024
2024-03-16,285,522,162,18,3,266,3,2024
2024-03-17,96,385,149,145,21,250,3,2024
2024-03-18,283,470,170,125,6,2,3,2024
2024-03-19,366,118,142,138,42,75,3,2024
2024-03-20,447,395,85,48,23,86,3,2024
2024-03-21,480,531,59,112,3,269,3,2024
2024-03-22,452,260,100,37,27,224,3,2024
2024-03-23,316,255,11,63,14,17,3,2024
2024-03-24,303,225,48,68,0,112,3,2024
2024-03-25,146,52,41,135,2,250,3,2024
2024-03-26,3,499,165,115,13,232,3,2024
2024-03-27,34,505,81,64,37,278,3,2024
2024-03-28,191,363,172,30,49,201,3,2024
2024-03-29,48,279,34,131,0,82,3,2024
2024-03-30,16,592,157,112,37,124,3,2024
2024-03-31,171,157,157,108,37,174,3,2024
2024-04-01,219,58,133,68,20,68,4,2024
2024-04-02,157,127,66,119,47,46,4,2024
2024-04-03,476,114,79,87,28,255,4,2024
2024-04-04,45,208,6,66,4,214,4,2024
2024-04-05,372,525,179,74,48,29,4,2024
2024-04-06,5,520,13,44,9,280,4,2024
2024-04-07,98,551,72,3,27,236,4,2024
2024-04-08,379,236,142,106,20,247,4,2024
2024-04-09,232,280,148,50,49,24,4,2024
2024-04-10,36,358,162,49,6,73,4,2024
2024-04-11,279,200,65,5,2,205,4,2024
2024-04-12,348,277,90,58,44,93,4,2024
2024-04-13,496,234,129,124,46,126,4,2024
2024-04-14,301,493,162,142,19,24,4,2024
2024-04-15,180,3,19,29,18,115,4,2024
2024-04-16,94,441,9,121,34,47,4,2024
2024-04-17,98,28,24,124,3,225,4,2024
2024-04-18,187,108,193,36,4,265,4,2024
2024-04-19,480,74,24,123,0,98,4,2024
2024-04-20,115,145,53,100,3,10,4,2024
2024-04-21,190,127,32,34,11,84,4,2024
2024-04-22,252,41,163,86,26,213,4,2024
2024-04-23,468,355,94,133,41,172,4,2024
2024-04-24,415,40,13,17,22,208,4,2024
2024-04-25,470,33,64,112,24,63,4,2024
2024-04-26,160,16,109,28,20,257,4,2024
2024-04-27,255,152,79,76,23,120,4,2024
2024-04-28,322,377,53,58,24,297,4,2024
2024-04-29,127,587,124,125,44,53,4,2024
2024-04-30,17,598,179,144,45,271,4,2024
2024-05-01,280,341,130,108,31,240,5,2024
2024-05-02,489,26,168,21,31,242,5,2024
2024-05-03,222,286,133,67,4,17,5,2024
2024-05-04,53,167,24,68,35,186,5,2024
2024-05-05,57,267,140,48,45,143,5,2024
2024-05-06,322,454,116,140,41,261,5,2024
2024-05-07,359,400,135,108,48,238,5,2024
2024-05-08,173,475,148,85,41,297,5,2024
2024-05-09,279,557,195,52,38,75,5,2024
2024-05-10,113,575,24,122,15,187,5,2024
2024-05-11,287,129,78,86,32,245,5,2024
2024-05-12,430,362,67,130,48,129,5,2024
2024-05-13,341,291,172,41,20,282,5,2024
2024-05-14,150,370,187,97,8,78,5,2024
2024-05-15,449,28,11,108,5,71,5,2024
2024-05-16,126,148,31,50,44,262,5,2024
2024-05-17,154,295,127,84,34,190,5,2024
2024-05-18,489,10,95,126,38,62,5,2024
2024-05-19,385,511,91,20,21,11,5,2024
2024-05-20,473,112,140,43,40,140,5,2024
2024-05-21,272,186,30,138,4,253,5,2024
2024-05-22,103,226,77,102,41,42,5,2024
2024-05-23,416,309,19,67,22,16,5,2024
2024-05-24,392,97,145,128,16,62,5,2024
2024-05-25,298,54,59,91,11,252,5,2024
2024-05-26,245,405,190,23,22,291,5,2024
2024-05-27,175,68,133,124,15,7,5,2024
2024-05-28,38,311,159,140,2,89,5,2024
2024-05-29,476,288,92,110,29,207,5,2024
2024-05-30,169,547,42,97,21,291,5,2024
2024-05-31,246,147,129,138,8,283,5,2024
2024-06-01,25,466,59,16,28,117,6,2024
2024-06-02,354,243,150,98,46,174,6,2024
2024-06-03,305,490,30,81,36,75,6,2024
2024-06-04,408,506,4,103,22,100,6,2024
2024-06-05,407,364,161,18,12,150,6,2024
2024-06-06,12,481,9,84,31,269,6,2024
2024-06-07,315,200,88,7,45,70,6,2024
2024-06-08,390,153,129,27,46,179,6,2024
2024-06-09,312,449,125,4,47,123,6,2024
2024-06-10,35,500,10,144,22,292,6,2024
2024-06-11,172,72,177,100,44,284,6,2024
2024-06-12,19,295,158,117,16,194,6,2024
2024-06-13,320,16,55,146,39,227,6,2024
2024-06-14,263,216,82,63,20,274,6,2024
2024-06-15,493,60,136,90,1,105,6,2024
2024-06-16,399,41,98,116,36,20,6,2024
2024-06-17,141,24,148,97,5,63,6,2024
2024-06-18,459,38,72,10,43,164,6,2024
2024-06-19,370,130,155,53,17,26,6,2024
2024-06-20,470,497,189,46,29,284,6,2024
2024-06-21,142,228,114,139,21,147,6,2024
2024-06-22,91,107,6,148,32,280,6,2024
2024-06-23,353,171,79,138,29,163,6,2024
2024-06-24,321,434,143,4,16,223,6,2024
2024-06-25,287,477,96,19,42,271,6,2024
2024-06-26,214,101,3,45,31,145,6,2024
2024-06-27,446,523,3,11,41,29,6,2024
2024-06-28,341,274,102,69,13,44,6,2024
2024-06-29,50,43,39,16,9,274,6,2024
2024-06-30,152,16,16,114,46,33,6,2024
2024-07-01,185,329,100,146,35,140,7,2024
2024-07-02,62,568,102,47,33,220,7,2024
2024-07-03,189,496,123,107,8,21,7,2024
2024-07-04,124,11,51,51,41,179,7,2024
2024-07-05,149,317,51,95,27,230,7,2024
2024-07-06,313,591,163,69,10,37,7,2024
2024-07-07,57,215,123,101,13,69,7,2024
2024-07-08,341,338,165,74,38,115,7,2024
2024-07-09,304,80,177,142,46,238,7,2024
2024-07-10,179,484,62,81,18,147,7,2024
2024-07-11,169,373,115,91,14,8,7,2024
2024-07-12,325,199,190,3,27,287,7,2024
2024-07-13,270,536,61,134,23,49,7,2024
2024-07-14,53,465,6,108,7,4,7,2024
2024-07-15,490,88,154,47,42,125,7,2024
2024-07-16,443,267,91,72,8,74,7,2024
2024-07-17,100,570,13,71,46,164,7,2024
2024-07-18,480,488,198,115,32,277,7,2024
2024-07-19,263,537,85,80,32,299,7,2024
2024-07-20,52,46,132,80,18,289,7,2024
2024-07-21,59,287,182,112,2,76,7,2024
2024-07-22,491,15,129,95,9,297,7,2024
2024-07-23,107,400,61,71,39,136,7,2024
2024-07-24,4,85,148,146,46,105,7,2024
2024-07-25,102,249,78,62,41,94,7,2024
2024-07-26,195,390,148,37,0,134,7,2024
2024-07-27,261,334,137,66,28,67,7,2024
2024-07-28,364,518,57,68,49,146,7,2024
2024-07-29,479,136,119,12,33,158,7,2024
2024-07-30,371,497,166,30,12,162,7,2024
2024-07-31,349,476,132,113,0,188,7,2024
2024-08-01,46,593,64,21,33,94,8,2024
2024-08-02,354,222,12,92,28,180,8,2024
2024-08-03,310,371,180,66,47,287,8,2024
2024-08-04,423,401,81,53,46,186,8,2024
2024-08-05,307,442,172,137,12,137,8,2024
2024-08-06,143,489,159,41,47,129,8,2024
2024-08-07,268,272,163,63,48,193,8,2024
2024-08-08,369,525,187,125,28,272,8,2024
2024-08-09,123,158,138,20,38,143,8,2024
2024-08-10,105,151,190,34,23,15,8,2024
2024-08-11,157,187,148,29,25,244,8,2024
2024-08-12,146,97,51,56,16,106,8,2024
2024-08-13,144,130,182,46,6,87,8,2024
2024-08-14,119,170,116,18,12,128,8,2024
2024-08-15,318,182,25,113,4,3,8,2024
2024-08-16,274,363,195,7,25,94,8,2024
2024-08-17,91,38,33,25,48,208,8,2024
2024-08-18,57,526,51,112,2,224,8,2024
2024-08-19,438,496,111,70,6,46,8,2024
2024-08-20,345,515,81,29,48,180,8,2024
2024-08-21,228,348,179,134,38,105,8,2024
2024-08-22,473,396,156,66,0,198,8,2024
2024-08-23,116,160,165,64,48,105,8,2024
2024-08-24,317,15,41,35,16,279,8,2024
2024-08-25,278,492,20,24,42,259,8,2024
2024-08-26,126,425,41,36,24,107,8,2024
2024-08-27,392,107,140,0,2,18,8,2024
2024-08-28,395,449,112,142,14,295,8,2024
2024-08-29,128,310,104,36,28,170,8,2024
2024-08-30,57,169,191,140,42,194,8,2024
2024-08-31,121,545,16,135,31,11,8,2024
2024-09-01,0,413,119,132,25,194,9,2024
2024-09-02,238,250,136,127,15,282,9,2024
2024-09-03,289,140,168,126,24,181,9,2024
2024-09-04,95,273,128,0,27,143,9,2024
2024-09-05,125,415,129,34,8,181,9,2024
2024-09-06,117,38,59,103,0,29,9,2024
2024-09-07,47,28,47,22,28,83,9,2024
2024-09-08,88,476,28,8,21,165,9,2024
2024-09-09,487,317,96,33,15,283,9,2024
2024-09-10,236,244,9,127,40,280,9,2024
2024-09-11,372,271,57,3,43,95,9,2024
2024-09-12,384,439,187,101,40,265,9,2024
2024-09-13,271,238,20,74,6,297,9,2024
2024-09-14,188,376,27,98,13,295,9,2024
2024-09-15,486,265,33,71,28,224,9,2024
2024-09-16,191,358,7,2,18,41,9,2024
2024-09-17,446,339,186,141,18,245,9,2024
2024-09-18,68,388,199,33,1,207,9,2024
2024-09-19,277,576,176,44,40,236,9,2024
2024-09-20,348,2,78,60,44,21,9,2024
2024-09-21,246,428,144,82,14,184,9,2024
2024-09-22,450,141,187,122,2,241,9,2024
2024-09-23,75,375,86,101,10,282,9,2024
2024-09-24,153,323,87,15,45,40,9,2024
2024-09-25,143,145,172,65,29,161,9,2024
2024-09-26,434,292,68,144,39,159,9,2024
2024-09-27,484,431,159,118,17,88,9,2024
2024-09-28,85,584,171,123,47,11,9,2024
2024-09-29,184,398,192,143,1,72,9,2024
2024-09-30,284,343,86,101,31,75,9,2024
2024-10-01,461,139,100,65,7,200,10,2024
2024-10-02,219,186,7,12,21,9,10,2024
2024-10-03,68,60,76,110,5,225,10,2024
2024-10-04,46,379,199,33,11,175,10,2024
2024-10-05,496,439,86,38,46,275,10,2024
2024-10-06,93,318,42,135,39,38,10,2024
2024-10-07,237,301,128,119,35,59,10,2024
2024-10-08,445,343,108,125,14,65,10,2024
2024-10-09,499,10,178,54,27,123,10,2024
2024-10-10,452,61,151,26,48,163,10,2024
2024-10-11,203,225,151,117,44,158,10,2024
2024-10-12,399,152,16,52,17,56,10,2024
2024-10-13,217,563,132,38,1,77,10,2024
2024-10-14,473,570,147,64,12,193,10,2024
2024-10-15,431,583,20,144,44,284,10,2024
2024-10-16,340,574,57,12,14,14,10,2024
2024-10-17,38,309,158,20,19,11,10,2024
2024-10-18,99,242,109,146,28,100,10,2024
2024-10-19,288,492,138,52,41,155,10,2024
2024-10-20,253,365,179,18,28,124,10,2024
2024-10-21,221,329,142,56,2,279,10,2024
2024-10-22,356,106,134,24,18,109,10,2024
2024-10-23,22,225,27,30,2,145,10,2024
2024-10-24,249,217,50,80,13,215,10,2024
2024-10-25,9,505,185,22,39,161,10,2024
2024-10-26,245,258,4,31,3,127,10,2024
2024-10-27,324,516,4,73,10,149,10,2024
2024-10-28,99,53,93,9,30,35,10,2024
2024-10-29,289,46,95,53,42,172,10,2024
2024-10-30,179,520,7,51,31,21,10,2024
2024-10-31,222,98,63,147,26,205,10,2024
2024-11-01,393,19,137,113,29,126,11,2024
2024-11-02,249,572,37,13,42,216,11,2024
2024-11-03,146,489,110,109,1,95,11,2024
2024-11-04,441,418,111,52,48,163,11,2024
2024-11-05,95,61,80,78,8,147,11,2024
2024-11-06,256,144,135,21,27,17,11,2024
2024-11-07,324,215,103,29,30,293,11,2024
2024-11-08,492,2,152,3,33,194,11,2024
2024-11-09,3,159,72,58,14,150,11,2024
2024-11-10,15,119,193,7,47,122,11,2024
2024-11-11,279,88,177,11,24,186,11,2024
2024-11-12,335,328,194,118,35,148,11,2024
2024-11-13,246,579,48,33,7,103,11,2024
2024-11-14,257,356,35,81,8,242,11,2024
2024-11-15,496,266,125,97,36,230,11,2024
2024-11-16,475,322,67,126,47,205,11,2024
2024-11-17,383,540,77,74,44,197,11,2024
2024-11-18,159,194,104,104,38,86,11,2024
2024-11-19,474,331,168,48,31,141,11,2024
2024-11-20,339,169,121,78,16,198,11,2024
2024-11-21,151,520,118,92,34,45,11,2024
2024-11-22,395,462,189,17,36,287,11,2024
2024-11-23,177,39,113,95,18,14,11,2024
2024-11-24,162,536,9,37,43,43,11,2024
2024-11-25,379,260,148,86,28,168,11,2024
2024-11-26,32,394,163,87,6,43,11,2024
2024-11-27,416,225,139,49,27,97,11,2024
2024-11-28,444,123,90,7,8,260,11,2024
2024-11-29,178,37,1,133,27,108,11,2024
2024-11-30,426,327,117,68,5,282,11,2024
2024-12-01,100,250,12,120,28,103,12,2024
2024-12-02,267,175,180,63,16,255,12,2024
2024-12-03,322,453,159,138,15,205,12,2024
2024-12-04,64,36,94,120,22,42,12,2024
2024-12-05,416,315,143,64,30,244,12,2024
2024-12-06,167,592,31,106,2,286,12,2024
2024-12-07,329,113,31,146,20,272,12,2024
2024-12-08,42,39,123,136,25,82,12,2024
2024-12-09,43,300,10,99,35,109,12,2024
2024-12-10,284,223,9,81,41,189,12,2024
2024-12-11,396,317,14,142,36,287,12,2024
2024-12-12,11,348,16,50,21,250,12,2024
2024-12-13,94,114,167,140,41,211,12,2024
2024-12-14,301,322,145,82,11,290,12,2024
2024-12-15,385,567,182,111,41,132,12,2024
2024-12-16,252,39,152,55,12,200,12,2024
2024-12-17,498,39,58,144,10,284,12,2024
2024-12-18,241,288,77,59,15,94,12,2024
2024-12-19,34,261,123,119,7,277,12,2024
2024-12-20,214,215,113,137,39,218,12,2024
2024-12-21,336,146,21,22,39,88,12,2024
2024-12-22,89,335,157,148,44,71,12,2024
2024-12-23,263,167,171,12,1,246,12,2024
2024-12-24,92,91,31,100,29,128,12,2024
2024-12-25,409,352,178,23,29,211,12,2024
2024-12-26,457,570,173,107,11,95,12,2024
2024-12-27,89,570,112,10,9,74,12,2024
2024-12-28,417,362,119,16,43,53,12,2024
2024-12-29,114,556,148,24,10,53,12,2024
2024-12-30,104,344,121,93,14,217,12,2024
2024-12-31,390,169,31,20,15,15,12,2024
2025-01-01,195,355,118,83,16,98,1,2025
2025-01-02,313,190,38,139,25,19,1,2025
2025-01-03,113,421,11,36,1,45,1,2025
2025-01-04,492,6,174,41,49,192,1,2025
2025-01-05,74,132,17,144,11,57,1,2025
2025-01-06,412,556,148,100,25,110,1,2025
2025-01-07,375,30,140,47,22,128,1,2025
2025-01-08,419,534,148,102,17,193,1,2025
2025-01-09,216,425,125,27,31,7,1,2025
2025-01-10,276,393,135,40,48,28,1,2025
2025-01-11,248,362,45,98,37,111,1,2025
2025-01-12,163,436,103,46,46,160,1,2025
2025-01-13,393,550,134,145,2,130,1,2025
2025-01-14,356,81,150,104,37,187,1,2025
2025-01-15,456,355,85,123,2,162,1,2025
2025-01-16,407,257,149,12,29,196,1,2025
2025-01-17,191,588,88,140,0,203,1,2025
2025-01-18,226,523,21,99,29,211,1,2025
2025-01-19,176,294,91,30,44,108,1,2025
2025-01-20,98,223,28,129,31,275,1,2025
2025-01-21,495,524,12,15,27,72,1,2025
2025-01-22,35,45,1,136,20,166,1,2025
2025-01-23,465,112,28,72,45,259,1,2025
2025-01-24,496,232,179,53,12,242,1,2025
2025-01-25,486,16,26,99,26,274,1,2025
2025-01-26,95,359,49,108,35,101,1,2025
2025-01-27,151,222,94,86,6,172,1,2025
2025-01-28,150,447,150,136,21,170,1,2025
2025-01-29,189,364,87,7,9,140,1,2025
2025-01-30,223,325,43,6,38,187,1,2025
2025-01-31,36,466,21,35,14,85,1,2025
2025-02-01,267,413,170,17,14,51,2,2025
2025-02-02,368,454,164,2,3,110,2,2025
2025-02-03,182,585,188,27,31,42,2,2025
2025-02-04,12,232,96,69,22,210,2,2025
2025-02-05,278,223,183,148,5,199,2,2025
2025-02-06,216,411,2,27,23,297,2,2025
2025-02-07,354,571,190,53,19,239,2,2025
2025-02-08,360,334,117,64,36,114,2,2025
2025-02-09,285,221,18,99,19,25,2,2025
2025-02-10,272,36,22,20,11,298,2,2025
2025-02-11,368,277,156,12,32,76,2,2025
2025-02-12,61,195,29,56,27,136,2,2025
2025-02-13,83,483,38,48,7,19,2,2025
2025-02-14,367,241,107,117,0,210,2,2025
2025-02-15,216,323,110,53,36,239,2,2025
2025-02-16,341,191,24,137,21,38,2,2025
2025-02-17,396,16,127,52,5,267,2,2025
2025-02-18,186,523,110,43,20,206,2,2025
2025-02-19,18,400,135,46,31,266,2,2025
2025-02-20,176,21,105,52,34,153,2,2025
2025-02-21,99,473,185,73,14,41,2,2025
2025-02-22,395,119,143,45,4,10,2,2025
2025-02-23,444,209,71,12,45,293,2,2025
2025-02-24,232,305,128,101,49,97,2,2025
2025-02-25,402,269,107,23,47,274,2,2025
2025-02-26,75,284,4,1,5,229,2,2025
2025-02-27,264,226,2,80,24,219,2,2025
2025-02-28,454,380,192,99,45,64,2,2025
2025-03-01,283,459,131,141,39,231,3,2025
2025-03-02,205,6,103,137,28,51,3,2025
2025-03-03,222,28,63,130,6,262,3,2025
2025-03-04,383,32,105,110,39,266,3,2025
2025-03-05,51,78,97,101,12,153,3,2025
2025-03-06,338,458,9,16,37,139,3,2025
2025-03-07,366,569,148,11,17,50,3,2025
2025-03-08,143,537,127,115,1,116,3,2025
2025-03-09,372,481,45,23,7,45,3,2025
2025-03-10,68,429,154,28,10,87,3,2025
2025-03-11,98,284,65,121,32,207,3,2025
2025-03-12,395,515,168,89,37,268,3,2025
2025-03-13,24,98,111,64,47,88,3,2025
2025-03-14,435,396,12,83,26,117,3,2025
2025-03-15,378,488,136,118,19,53,3,2025
2025-03-16,468,38,163,15,11,115,3,2025
2025-03-17,483,270,85,103,42,117,3,2025
2025-03-18,52,156,89,91,30,259,3,2025
2025-03-19,150,74,57,26,26,74,3,2025
2025-03-20,143,129,53,133,31,6,3,2025
2025-03-21,56,83,11,134,9,121,3,2025
2025-03-22,38,21,13,32,2,10,3,2025
2025-03-23,108,458,120,54,44,214,3,2025
2025-03-24,180,538,161,6,26,278,3,2025
2025-03-25,41,381,180,56,34,27,3,2025
2025-03-26,185,439,120,125,30,234,3,2025
2025-03-27,422,20,19,11,14,25,3,2025
2025-03-28,397,302,74,15,15,53,3,2025
2025-03-29,222,83,143,42,12,28,3,2025
2025-03-30,121,452,69,116,48,163,3,2025
2025-03-31,132,386,55,134,34,269,3,2025
2025-04-01,162,506,100,110,10,34,4,2025
2025-04-02,214,256,185,50,20,285,4,2025
2025-04-03,220,569,131,74,10,272,4,2025
2025-04-04,234,526,110,7,29,207,4,2025
2025-04-05,330,161,124,44,47,237,4,2025
2025-04-06,145,162,131,58,34,92,4,2025
2025-04-07,238,523,19,131,21,172,4,2025
2025-04-08,75,270,137,103,37,78,4,2025
2025-04-09,8,491,23,97,30,109,4,2025
2025-04-10,73,207,153,78,13,216,4,2025
2025-04-11,441,538,36,123,23,105,4,2025
2025-04-12,491,583,53,3,49,46,4,2025
2025-04-13,400,59,102,89,48,180,4,2025
2025-04-14,252,429,148,103,31,63,4,2025
2025-04-15,229,308,37,136,35,245,4,2025
2025-04-16,6,519,173,118,31,243,4,2025
2025-04-17,173,590,3,132,14,86,4,2025
2025-04-18,140,26,187,55,42,216,4,2025
2025-04-19,167,561,56,95,34,6,4,2025
2025-04-20,169,198,172,74,2,277,4,2025
2025-04-21,392,386,19,142,15,209,4,2025
2025-04-22,433,348,16,31,4,168,4,2025
2025-04-23,282,535,118,27,20,137,4,2025
2025-04-24,121,377,70,21,9,229,4,2025
2025-04-25,193,557,3,16,18,160,4,2025
2025-04-26,4,526,13,58,24,0,4,2025
2025-04-27,28,152,2,89,3,235,4,2025
2025-04-28,164,205,79,105,28,187,4,2025
2025-04-29,421,454,185,25,18,3,4,2025
2025-04-30,338,272,54,24,42,131,4,2025
2025-05-01,135,235,131,137,1,217,5,2025
2025-05-02,495,520,119,44,9,259,5,2025
2025-05-03,364,500,23,82,42,0,5,2025
2025-05-04,320,116,161,10,24,70,5,2025
2025-05-05,341,385,157,103,19,177,5,2025
2025-05-06,499,343,81,67,47,188,5,2025
2025-05-07,144,583,146,94,18,290,5,2025
2025-05-08,326,394,158,64,22,7,5,2025
2025-05-09,216,63,187,48,23,252,5,2025
2025-05-10,300,71,59,51,10,291,5,2025
2025-05-11,131,273,146,101,45,243,5,2025
2025-05-12,291,319,48,56,33,122,5,2025
2025-05-13,69,337,62,46,27,298,5,2025
2025-05-14,251,365,109,25,4,282,5,2025
2025-05-15,414,494,149,113,4,31,5,2025
2025-05-16,274,165,151,4,20,145,5,2025
2025-05-17,444,543,108,83,11,155,5,2025
2025-05-18,363,10,75,51,49,15,5,2025
2025-05-19,181,300,29,104,3,46,5,2025
2025-05-20,166,101,57,53,48,250,5,2025
2025-05-21,90,424,116,14,41,186,5,2025
2025-05-22,201,391,158,60,19,30,5,2025
2025-05-23,345,213,99,121,37,259,5,2025
2025-05-24,18,87,191,20,24,16,5,2025
2025-05-25,38,552,18,45,13,38,5,2025
2025-05-26,125,400,175,133,10,38,5,2025
2025-05-27,450,587,172,37,31,131,5,2025
2025-05-28,172,45,93,61,10,29,5,2025
2025-05-29,140,462,182,85,17,157,5,2025
2025-05-30,241,591,112,77,26,277,5,2025
2025-05-31,219,309,182,45,17,202,5,2025
2025-06-01,125,85,145,140,22,65,6,2025
2025-06-02,57,91,62,2,10,107,6,2025
2025-06-03,147,241,115,5,20,267,6,2025
2025-06-04,475,1,112,92,43,221,6,2025
2025-06-05,455,224,46,7,4,291,6,2025
2025-06-06,316,588,56,107,22,17,6,2025
2025-06-07,382,115,117,74,40,89,6,2025
2025-06-08,360,102,44,76,24,180,6,2025
2025-06-09,422,193,160,49,40,254,6,2025
2025-06-10,0,165,144,10,9,252,6,2025
2025-06-11,386,89,197,94,21,256,6,2025
2025-06-12,460,121,3,69,18,86,6,2025
2025-06-13,347,142,147,15,0,89,6,2025
2025-06-14,189,105,46,67,6,236,6,2025
2025-06-15,190,427,142,98,3,69,6,2025
2025-06-16,368,304,197,47,0,43,6,2025
2025-06-17,408,316,46,63,14,199,6,2025
2025-06-18,311,8,77,89,39,151,6,2025
2025-06-19,416,72,123,75,11,85,6,2025
2025-06-20,421,358,74,138,21,18,6,2025
2025-06-21,116,222,102,100,21,100,6,2025
2025-06-22,133,415,136,88,49,94,6,2025
2025-06-23,57,552,89,17,46,253,6,2025
2025-06-24,43,369,143,18,16,29,6,2025
2025-06-25,172,263,68,54,28,248,6,2025
2025-06-26,159,317,60,101,45,32,6,2025
2025-06-27,172,83,137,117,13,228,6,2025
2025-06-28,316,317,49,133,49,11,6,2025
2025-06-29,302,110,2,3,19,117,6,2025
2025-06-30,148,250,106,107,49,154,6,2025
2025-07-01,79,382,112,114,47,245,7,2025
2025-07-02,373,6,93,28,32,246,7,2025
2025-07-03,212,458,117,58,42,28,7,2025
2025-07-04,202,83,197,124,14,160,7,2025
2025-07-05,251,207,80,97,11,234,7,2025
2025-07-06,228,389,108,16,39,189,7,2025
2025-07-07,163,313,50,106,19,116,7,2025
2025-07-08,226,21,146,42,29,270,7,2025
2025-07-09,146,409,169,79,37,257,7,2025
2025-07-10,19,514,34,7,2,179,7,2025
2025-07-11,440,126,45,140,27,171,7,2025
2025-07-12,401,13,153,105,25,273,7,2025
2025-07-13,46,11,68,7,29,258,7,2025
2025-07-14,232,86,92,95,12,134,7,2025
2025-07-15,304,523,63,93,12,170,7,2025
2025-07-16,13,536,164,64,1,209,7,2025
2025-07-17,142,300,48,38,36,235,7,2025
2025-07-18,414,242,148,80,48,185,7,2025
2025-07-19,0,121,73,83,37,94,7,2025
2025-07-20,372,146,191,87,1,10,7,2025
2025-07-21,53,566,4,85,35,67,7,2025
2025-07-22,373,355,99,92,25,209,7,2025
2025-07-23,258,308,69,85,10,195,7,2025
2025-07-24,143,287,89,43,7,97,7,2025
2025-07-25,470,306,3,136,43,92,7,2025
2025-07-26,440,593,125,73,39,21,7,2025
2025-07-27,458,548,38,35,42,171,7,2025
2025-07-28,11,351,162,100,21,133,7,2025
2025-07-29,329,311,128,103,19,24,7,2025
2025-07-30,223,58,23,65,7,184,7,2025
2025-07-31,271,34,56,54,28,84,7,2025
2025-08-01,455,444,99,90,39,54,8,2025
2025-08-02,357,92,69,21,25,250,8,2025
2025-08-03,459,206,40,100,29,143,8,2025
2025-08-04,407,352,181,120,16,166,8,2025
2025-08-05,155,331,173,92,19,223,8,2025
2025-08-06,372,158,59,107,15,219,8,2025
2025-08-07,7,23,107,140,45,178,8,2025
2025-08-08,121,403,187,9,42,118,8,2025
2025-08-09,347,515,56,8,6,264,8,2025
2025-08-10,163,363,30,33,15,149,8,2025
2025-08-11,89,381,83,128,44,214,8,2025
2025-08-12,135,531,151,88,46,196,8,2025
2025-08-13,185,151,35,92,47,41,8,2025
2025-08-14,315,561,157,70,26,52,8,2025
2025-08-15,177,419,151,66,22,250,8,2025
2025-08-16,27,249,107,147,23,294,8,2025
2025-08-17,219,116,105,116,8,270,8,2025
2025-08-18,356,511,157,93,34,122,8,2025
2025-08-19,40,577,85,98,19,265,8,2025
2025-08-20,227,334,134,112,36,28,8,2025
2025-08-21,191,417,162,102,41,34,8,2025
2025-08-22,410,294,182,90,16,5,8,2025
2025-08-23,446,370,13,89,46,110,8,2025
2025-08-24,144,185,119,16,30,293,8,2025
2025-08-25,200,245,137,17,7,76,8,2025
2025-08-26,416,267,79,115,14,146,8,2025
2025-08-27,211,236,143,92,30,66,8,2025
2025-08-28,460,529,181,90,29,7,8,2025
2025-08-29,219,551,105,81,45,121,8,2025
2025-08-30,239,20,69,67,19,174,8,2025
2025-08-31,412,519,43,113,38,178,8,2025
2025-09-01,396,99,72,0,11,84,9,2025
2025-09-02,45,477,44,57,48,44,9,2025
2025-09-03,34,598,183,108,16,135,9,2025
2025-09-04,252,297,106,147,41,15,9,2025
2025-09-05,389,525,83,115,29,194,9,2025
2025-09-06,81,333,81,86,28,8,9,2025
2025-09-07,370,1,106,9,18,14,9,2025
2025-09-08,255,374,184,58,45,101,9,2025
2025-09-09,196,292,20,40,10,225,9,2025
2025-09-10,302,552,195,104,33,277,9,2025
2025-09-11,408,317,177,132,49,112,9,2025
2025-09-12,449,501,160,121,6,0,9,2025
2025-09-13,9,380,6,144,43,265,9,2025
2025-09-14,311,13,69,21,33,207,9,2025
2025-09-15,285,503,126,97,19,109,9,2025
2025-09-16,241,230,142,67,49,199,9,2025
2025-09-17,250,83,159,138,37,11,9,2025
2025-09-18,364,129,147,55,23,187,9,2025
2025-09-19,4,144,142,148,9,153,9,2025
2025-09-20,118,27,175,98,31,278,9,2025
2025-09-21,288,65,198,75,14,170,9,2025
2025-09-22,373,162,148,25,36,133,9,2025
2025-09-23,64,228,169,114,19,24,9,2025
2025-09-24,145,260,153,146,2,17,9,2025
2025-09-25,223,448,119,108,36,189,9,2025
2025-09-26,238,423,127,46,39,140,9,2025
